date,district_id,cases_reported,reports_received,reports_expected,rainfall_mm
2025-11-01,D01,5,5,5,0.2
2025-11-02,D01,4,5,5,1.3
2025-11-03,D01,5,5,5,4.1
2025-11-04,D01,5,5,5,0.5
2025-11-05,D01,4,5,5,5.2
2025-11-06,D01,3,5,5,13.0
2025-11-07,D01,3,5,5,16.2
2025-11-08,D01,5,5,5,23.3
2025-11-09,D01,3,5,5,28.5
2025-11-10,D01,5,5,5,30.0
2025-11-11,D01,5,5,5,39.2
2025-11-12,D01,6,5,5,40.9
2025-11-13,D01,9,5,5,47.0
2025-11-14,D01,8,5,5,40.6
2025-11-15,D01,13,5,5,38.6
2025-11-16,D01,14,5,5,34.4
2025-11-17,D01,15,5,5,30.8
2025-11-18,D01,17,5,5,23.3
2025-11-19,D01,9,2,5,20.2
2025-11-20,D01,8,2,5,10.4
2025-11-21,D01,9,2,5,6.7
2025-11-22,D01,18,4,5,5.2
2025-11-23,D01,11,3,5,3.8
2025-11-24,D01,10,3,5,2.1
2025-11-25,D01,6,2,5,5.6
2025-11-26,D01,5,2,5,3.8
2025-11-27,D01,6,2,5,1.0
2025-11-28,D01,6,3,5,5.6
2025-11-01,D02,7,5,5,1.3
2025-11-02,D02,6,5,5,4.6
2025-11-03,D02,5,5,5,4.9
2025-11-04,D02,8,5,5,2.4
2025-11-05,D02,5,5,5,10.5
2025-11-06,D02,7,5,5,14.3
2025-11-07,D02,6,5,5,18.0
2025-11-08,D02,8,5,5,23.9
2025-11-09,D02,6,5,5,25.8
2025-11-10,D02,7,5,5,33.2
2025-11-11,D02,7,5,5,37.6
2025-11-12,D02,9,5,5,42.2
2025-11-13,D02,12,5,5,45.8
2025-11-14,D02,13,5,5,44.5
2025-11-15,D02,16,5,5,35.9
2025-11-16,D02,16,5,5,34.1
2025-11-17,D02,20,5,5,27.3
2025-11-18,D02,22,5,5,22.8
2025-11-19,D02,16,3,5,20.2
2025-11-20,D02,22,4,5,10.7
2025-11-21,D02,13,2,5,9.6
2025-11-22,D02,15,3,5,2.6
2025-11-23,D02,13,3,5,4.3
2025-11-24,D02,9,2,5,3.0
2025-11-25,D02,16,4,5,0.6
2025-11-26,D02,7,2,5,3.8
2025-11-27,D02,6,2,5,2.2
2025-11-28,D02,,0,5,4.7
2025-11-01,D03,4,5,5,0.0
2025-11-02,D03,3,5,5,0.1
2025-11-03,D03,5,5,5,5.3
2025-11-04,D03,5,5,5,1.8
2025-11-05,D03,2,5,5,10.3
2025-11-06,D03,5,5,5,10.5
2025-11-07,D03,4,5,5,15.4
2025-11-08,D03,4,5,5,24.6
2025-11-09,D03,2,5,5,27.9
2025-11-10,D03,4,5,5,31.6
2025-11-11,D03,5,5,5,37.5
2025-11-12,D03,4,5,5,43.2
2025-11-13,D03,7,5,5,46.2
2025-11-14,D03,7,5,5,46.0
2025-11-15,D03,10,5,5,37.6
2025-11-16,D03,10,5,5,30.7
2025-11-17,D03,11,5,5,27.0
2025-11-18,D03,13,5,5,21.4
2025-11-19,D03,10,4,5,19.2
2025-11-20,D03,12,4,5,15.4
2025-11-21,D03,10,3,5,6.4
2025-11-22,D03,7,2,5,3.2
2025-11-23,D03,8,2,5,3.4
2025-11-24,D03,8,3,5,2.8
2025-11-25,D03,7,3,5,0.6
2025-11-26,D03,6,3,5,2.5
2025-11-27,D03,3,2,5,3.9
2025-11-28,D03,3,2,5,2.4
2025-11-01,D04,5,5,5,5.2
2025-11-02,D04,5,5,5,1.1
2025-11-03,D04,6,5,5,2.5
2025-11-04,D04,5,5,5,1.5
2025-11-05,D04,7,5,5,7.7
2025-11-06,D04,7,5,5,13.3
2025-11-07,D04,4,5,5,21.0
2025-11-08,D04,7,5,5,25.8
2025-11-09,D04,7,5,5,30.1
2025-11-10,D04,5,5,5,32.9
2025-11-11,D04,5,5,5,37.4
2025-11-12,D04,6,5,5,42.3
2025-11-13,D04,9,5,5,46.6
2025-11-14,D04,10,5,5,42.7
2025-11-15,D04,10,5,5,40.7
2025-11-16,D04,13,5,5,33.3
2025-11-17,D04,13,5,5,25.9
2025-11-18,D04,13,5,5,25.8
2025-11-19,D04,7,2,5,15.4
2025-11-20,D04,8,3,5,13.5
2025-11-21,D04,9,2,5,8.2
2025-11-22,D04,14,4,5,0.5
2025-11-23,D04,10,4,5,0.4
2025-11-24,D04,11,4,5,5.6
2025-11-25,D04,5,2,5,3.6
2025-11-26,D04,4,2,5,3.9
2025-11-27,D04,5,2,5,5.6
2025-11-28,D04,8,4,5,1.9
2025-11-01,D05,9,5,5,0.8
2025-11-02,D05,10,5,5,2.7
2025-11-03,D05,11,5,5,5.6
2025-11-04,D05,8,5,5,3.7
2025-11-05,D05,10,5,5,5.6
2025-11-06,D05,10,5,5,13.0
2025-11-07,D05,8,5,5,17.1
2025-11-08,D05,8,5,5,21.5
2025-11-09,D05,9,5,5,27.6
2025-11-10,D05,10,5,5,31.8
2025-11-11,D05,11,5,5,39.8
2025-11-12,D05,10,5,5,44.0
2025-11-13,D05,11,5,5,50.6
2025-11-14,D05,10,5,5,45.3
2025-11-15,D05,11,5,5,40.3
2025-11-16,D05,13,5,5,30.9
2025-11-17,D05,13,5,5,26.3
2025-11-18,D05,14,5,5,24.1
2025-11-19,D05,16,5,5,18.0
2025-11-20,D05,15,5,5,15.4
2025-11-21,D05,15,5,5,8.8
2025-11-22,D05,16,5,5,0.3
2025-11-23,D05,14,5,5,0.8
2025-11-24,D05,15,5,5,1.0
2025-11-25,D05,13,5,5,4.2
2025-11-26,D05,13,5,5,0.7
2025-11-27,D05,13,5,5,4.1
2025-11-28,D05,10,5,5,0.2
2025-11-01,D06,5,5,5,3.3
2025-11-02,D06,5,5,5,0.3
2025-11-03,D06,5,5,5,5.6
2025-11-04,D06,6,5,5,0.2
2025-11-05,D06,5,5,5,9.1
2025-11-06,D06,6,5,5,12.1
2025-11-07,D06,5,5,5,20.2
2025-11-08,D06,6,5,5,24.5
2025-11-09,D06,6,5,5,26.4
2025-11-10,D06,4,5,5,34.8
2025-11-11,D06,4,5,5,37.5
2025-11-12,D06,5,5,5,45.5
2025-11-13,D06,8,5,5,47.5
2025-11-14,D06,8,5,5,44.4
2025-11-15,D06,8,5,5,36.0
2025-11-16,D06,10,5,5,32.3
2025-11-17,D06,9,5,5,27.8
2025-11-18,D06,10,5,5,25.5
2025-11-19,D06,11,5,5,19.9
2025-11-20,D06,14,5,5,11.3
2025-11-21,D06,14,5,5,7.4
2025-11-22,D06,12,5,5,0.4
2025-11-23,D06,12,5,5,2.1
2025-11-24,D06,11,5,5,4.1
2025-11-25,D06,11,5,5,2.0
2025-11-26,D06,8,5,5,5.3
2025-11-27,D06,8,5,5,3.5
2025-11-28,D06,9,5,5,0.2
2025-11-01,D07,4,5,5,2.1
2025-11-02,D07,4,5,5,2.6
2025-11-03,D07,5,5,5,0.7
2025-11-04,D07,4,5,5,1.1
2025-11-05,D07,2,5,5,7.6
2025-11-06,D07,3,5,5,14.8
2025-11-07,D07,4,5,5,20.6
2025-11-08,D07,4,5,5,21.2
2025-11-09,D07,3,5,5,30.7
2025-11-10,D07,4,5,5,33.7
2025-11-11,D07,4,5,5,35.7
2025-11-12,D07,5,5,5,43.0
2025-11-13,D07,4,5,5,47.0
2025-11-14,D07,4,5,5,43.3
2025-11-15,D07,3,5,5,39.0
2025-11-16,D07,4,5,5,34.5
2025-11-17,D07,3,5,5,28.4
2025-11-18,D07,4,5,5,25.0
2025-11-19,D07,4,5,5,16.3
2025-11-20,D07,6,5,5,13.6
2025-11-21,D07,5,5,5,7.7
2025-11-22,D07,6,5,5,3.1
2025-11-23,D07,6,5,5,5.8
2025-11-24,D07,5,5,5,4.0
2025-11-25,D07,4,5,5,4.0
2025-11-26,D07,5,5,5,0.6
2025-11-27,D07,5,5,5,1.4
2025-11-28,D07,3,5,5,4.8
2025-11-01,D08,4,5,5,0.3
2025-11-02,D08,6,5,5,3.7
2025-11-03,D08,6,5,5,2.7
2025-11-04,D08,6,5,5,3.5
2025-11-05,D08,5,5,5,7.3
2025-11-06,D08,4,5,5,10.9
2025-11-07,D08,5,5,5,20.4
2025-11-08,D08,6,5,5,25.3
2025-11-09,D08,6,5,5,26.3
2025-11-10,D08,6,5,5,34.2
2025-11-11,D08,5,5,5,38.3
2025-11-12,D08,6,5,5,40.7
2025-11-13,D08,4,5,5,47.8
2025-11-14,D08,6,5,5,43.4
2025-11-15,D08,5,5,5,39.5
2025-11-16,D08,6,5,5,34.9
2025-11-17,D08,8,5,5,27.6
2025-11-18,D08,8,5,5,22.7
2025-11-19,D08,6,5,5,20.2
2025-11-20,D08,7,5,5,14.5
2025-11-21,D08,9,5,5,6.7
2025-11-22,D08,8,5,5,2.9
2025-11-23,D08,6,5,5,2.6
2025-11-24,D08,7,5,5,1.4
2025-11-25,D08,6,5,5,5.4
2025-11-26,D08,5,5,5,0.9
2025-11-27,D08,6,5,5,0.9
2025-11-28,D08,5,5,5,2.5
2025-11-01,D09,3,5,5,2.8
2025-11-02,D09,3,5,5,5.0
2025-11-03,D09,4,5,5,4.6
2025-11-04,D09,5,5,5,0.1
2025-11-05,D09,5,5,5,8.5
2025-11-06,D09,4,5,5,15.7
2025-11-07,D09,3,5,5,17.3
2025-11-08,D09,5,5,5,25.0
2025-11-09,D09,4,5,5,29.4
2025-11-10,D09,5,5,5,35.4
2025-11-11,D09,4,5,5,36.6
2025-11-12,D09,4,5,5,42.3
2025-11-13,D09,5,5,5,49.8
2025-11-14,D09,5,5,5,45.0
2025-11-15,D09,6,5,5,40.9
2025-11-16,D09,5,5,5,35.4
2025-11-17,D09,5,5,5,29.0
2025-11-18,D09,4,5,5,22.6
2025-11-19,D09,6,5,5,16.1
2025-11-20,D09,4,5,5,12.0
2025-11-21,D09,5,5,5,7.0
2025-11-22,D09,6,5,5,1.7
2025-11-23,D09,6,5,5,2.5
2025-11-24,D09,6,5,5,2.8
2025-11-25,D09,5,5,5,0.3
2025-11-26,D09,6,5,5,1.3
2025-11-27,D09,3,5,5,5.7
2025-11-28,D09,3,5,5,0.2
